{
  "annotations": {
    "list": [
      {
        "builtIn": 1,
        "datasource": {
          "type": "datasource",
          "uid": "grafana"
        },
        "enable": true,
        "hide": true,
        "iconColor": "rgba(0, 211, 255, 1)",
        "name": "Annotations & Alerts",
        "target": {
          "limit": 100,
          "matchAny": false,
          "tags": [],
          "type": "dashboard"
        },
        "type": "dashboard"
      }
    ]
  },
  "description": "OpenTelemetry Collector hostmetrics",
  "editable": true,
  "fiscalYearStartMonth": 0,
  "graphTooltip": 1,
  "id": 4,
  "links": [],
  "panels": [
    {
      "collapsed": false,
      "gridPos": {
        "h": 1,
        "w": 24,
        "x": 0,
        "y": 0
      },
      "id": 267,
      "panels": [],
      "title": "overview【 $host_name】",
      "type": "row"
    },
    {
      "datasource": {
        "type": "prometheus",
        "uid": "${DS_PROMETHEUS}"
      },
      "description": "Busy state of all CPU cores together\n\nhttps://github.com/open-telemetry/opentelemetry-collector-contrib/blob/main/receiver/hostmetricsreceiver/internal/scraper/cpuscraper/documentation.md",
      "fieldConfig": {
        "defaults": {
          "color": {
            "mode": "thresholds"
          },
          "decimals": 1,
          "mappings": [
            {
              "options": {
                "match": "null",
                "result": {
                  "text": "N/A"
                }
              },
              "type": "special"
            }
          ],
          "max": 100,
          "min": 0,
          "thresholds": {
            "mode": "absolute",
            "steps": [
              {
                "color": "rgba(50, 172, 45, 0.97)"
              },
              {
                "color": "rgba(237, 129, 40, 0.89)",
                "value": 85
              },
              {
                "color": "rgba(245, 54, 54, 0.9)",
                "value": 95
              }
            ]
          },
          "unit": "percentunit"
        },
        "overrides": []
      },
      "gridPos": {
        "h": 4,
        "w": 3,
        "x": 0,
        "y": 1
      },
      "id": 20,
      "options": {
        "minVizHeight": 75,
        "minVizWidth": 75,
        "orientation": "horizontal",
        "reduceOptions": {
          "calcs": [
            "lastNotNull"
          ],
          "fields": "",
          "values": false
        },
        "showThresholdLabels": false,
        "showThresholdMarkers": true,
        "sizing": "auto"
      },
      "pluginVersion": "12.0.2",
      "targets": [
        {
          "datasource": {
            "type": "prometheus",
            "uid": "${DS_PROMETHEUS}"
          },
          "editorMode": "code",
          "expr": "sum(system_cpu_utilization_ratio{k8s_cluster_name=~\"$k8s_cluster_name\", k8s_node_name=~\"${node_name}\", host_name=~\"$host_name\", job=\"\", state!=\"idle\"})",
          "hide": false,
          "instant": false,
          "legendFormat": "__auto",
          "range": true,
          "refId": "B"
        }
      ],
      "title": "CPU Busy",
      "type": "gauge"
    },
    {
      "datasource": {
        "type": "prometheus",
        "uid": "${DS_PROMETHEUS}"
      },
      "description": "Non available RAM memory\n\nhttps://github.com/open-telemetry/opentelemetry-collector-contrib/blob/main/receiver/hostmetricsreceiver/internal/scraper/memoryscraper/documentation.md",
      "fieldConfig": {
        "defaults": {
          "color": {
            "mode": "thresholds"
          },
          "decimals": 1,
          "mappings": [],
          "max": 100,
          "min": 0,
          "thresholds": {
            "mode": "absolute",
            "steps": [
              {
                "color": "rgba(50, 172, 45, 0.97)"
              },
              {
                "color": "rgba(237, 129, 40, 0.89)",
                "value": 80
              },
              {
                "color": "rgba(245, 54, 54, 0.9)",
                "value": 90
              }
            ]
          },
          "unit": "percentunit"
        },
        "overrides": []
      },
      "gridPos": {
        "h": 4,
        "w": 3,
        "x": 3,
        "y": 1
      },
      "id": 16,
      "options": {
        "minVizHeight": 75,
        "minVizWidth": 75,
        "orientation": "horizontal",
        "reduceOptions": {
          "calcs": [
            "lastNotNull"
          ],
          "fields": "",
          "values": false
        },
        "showThresholdLabels": false,
        "showThresholdMarkers": true,
        "sizing": "auto"
      },
      "pluginVersion": "12.0.2",
      "targets": [
        {
          "datasource": {
            "type": "prometheus",
            "uid": "${DS_PROMETHEUS}"
          },
          "disableTextWrap": false,
          "editorMode": "code",
          "exemplar": false,
          "expr": "system_memory_utilization_ratio{k8s_cluster_name=~\"$k8s_cluster_name\", k8s_node_name=~\"$node_name\", host_name=~\"$host_name\", job=\"\", state=\"used\"}",
          "format": "time_series",
          "fullMetaSearch": false,
          "hide": false,
          "includeNullMetadata": true,
          "instant": false,
          "intervalFactor": 1,
          "range": true,
          "refId": "A",
          "step": 240,
          "useBackend": false
        }
      ],
      "title": "RAM Used",
      "type": "gauge"
    },
    {
      "datasource": {
        "type": "prometheus",
        "uid": "${DS_PROMETHEUS}"
      },
      "description": "Used FS\n\nhttps://github.com/open-telemetry/opentelemetry-collector-contrib/tree/main/receiver/hostmetricsreceiver#collecting-host-metrics-from-inside-a-container-linux-only",
      "fieldConfig": {
        "defaults": {
          "color": {
            "mode": "thresholds"
          },
          "decimals": 1,
          "mappings": [
            {
              "options": {
                "match": "null",
                "result": {
                  "text": "N/A"
                }
              },
              "type": "special"
            }
          ],
          "max": 100,
          "min": 0,
          "thresholds": {
            "mode": "absolute",
            "steps": [
              {
                "color": "rgba(50, 172, 45, 0.97)"
              },
              {
                "color": "rgba(237, 129, 40, 0.89)",
                "value": 80
              },
              {
                "color": "rgba(245, 54, 54, 0.9)",
                "value": 90
              }
            ]
          },
          "unit": "percentunit"
        },
        "overrides": []
      },
      "gridPos": {
        "h": 4,
        "w": 3,
        "x": 6,
        "y": 1
      },
      "id": 154,
      "options": {
        "minVizHeight": 75,
        "minVizWidth": 75,
        "orientation": "horizontal",
        "reduceOptions": {
          "calcs": [
            "lastNotNull"
          ],
          "fields": "",
          "values": false
        },
        "showThresholdLabels": false,
        "showThresholdMarkers": true,
        "sizing": "auto"
      },
      "pluginVersion": "12.0.2",
      "targets": [
        {
          "datasource": {
            "type": "prometheus",
            "uid": "${DS_PROMETHEUS}"
          },
          "editorMode": "code",
          "expr": "1 \n-\nsum(system_filesystem_usage_bytes{k8s_cluster_name=~\"$k8s_cluster_name\", k8s_node_name=~\"${node_name}\", host_name=~\"$host_name\", state=\"free\"}) \n/ \nsum(system_filesystem_usage_bytes{k8s_cluster_name=~\"$k8s_cluster_name\", k8s_node_name=~\"${node_name}\", host_name=~\"$host_name\"})",
          "hide": false,
          "instant": false,
          "legendFormat": "__auto",
          "range": true,
          "refId": "C"
        }
      ],
      "title": "FS Used",
      "type": "gauge"
    },
    {
      "datasource": {
        "type": "prometheus",
        "uid": "${DS_PROMETHEUS}"
      },
      "description": "Busy state of all CPU cores together (5 min average)\n\nhttps://github.com/open-telemetry/opentelemetry-collector-contrib/blob/main/receiver/hostmetricsreceiver/internal/scraper/loadscraper/documentation.md",
      "fieldConfig": {
        "defaults": {
          "color": {
            "mode": "thresholds"
          },
          "decimals": 1,
          "mappings": [
            {
              "options": {
                "match": "null",
                "result": {
                  "text": "N/A"
                }
              },
              "type": "special"
            }
          ],
          "max": 100,
          "min": 0,
          "thresholds": {
            "mode": "absolute",
            "steps": [
              {
                "color": "rgba(50, 172, 45, 0.97)"
              },
              {
                "color": "rgba(237, 129, 40, 0.89)",
                "value": 85
              },
              {
                "color": "rgba(245, 54, 54, 0.9)",
                "value": 95
              }
            ]
          },
          "unit": "percent"
        },
        "overrides": []
      },
      "gridPos": {
        "h": 4,
        "w": 3,
        "x": 9,
        "y": 1
      },
      "id": 155,
      "options": {
        "minVizHeight": 75,
        "minVizWidth": 75,
        "orientation": "horizontal",
        "reduceOptions": {
          "calcs": [
            "lastNotNull"
          ],
          "fields": "",
          "values": false
        },
        "showThresholdLabels": false,
        "showThresholdMarkers": true,
        "sizing": "auto"
      },
      "pluginVersion": "12.0.2",
      "targets": [
        {
          "datasource": {
            "type": "prometheus",
            "uid": "${DS_PROMETHEUS}"
          },
          "editorMode": "code",
          "exemplar": false,
          "expr": "system_cpu_load_average_5m{k8s_cluster_name=~\"$k8s_cluster_name\", k8s_node_name=~\"${node_name}\", host_name=~\"$host_name\"} ",
          "format": "time_series",
          "hide": false,
          "instant": true,
          "intervalFactor": 1,
          "legendFormat": "__auto",
          "range": false,
          "refId": "sysload_5m",
          "step": 240
        }
      ],
      "title": "Sys Load (5m avg)",
      "type": "gauge"
    },
    {
      "datasource": {
        "type": "prometheus",
        "uid": "${DS_PROMETHEUS}"
      },
      "description": "Busy state of all CPU cores together (15 min average)\n\nhttps://github.com/open-telemetry/opentelemetry-collector-contrib/blob/main/receiver/hostmetricsreceiver/internal/scraper/loadscraper/documentation.md",
      "fieldConfig": {
        "defaults": {
          "color": {
            "mode": "thresholds"
          },
          "decimals": 1,
          "mappings": [
            {
              "options": {
                "match": "null",
                "result": {
                  "text": "N/A"
                }
              },
              "type": "special"
            }
          ],
          "max": 100,
          "min": 0,
          "thresholds": {
            "mode": "absolute",
            "steps": [
              {
                "color": "rgba(50, 172, 45, 0.97)"
              },
              {
                "color": "rgba(237, 129, 40, 0.89)",
                "value": 85
              },
              {
                "color": "rgba(245, 54, 54, 0.9)",
                "value": 95
              }
            ]
          },
          "unit": "percent"
        },
        "overrides": []
      },
      "gridPos": {
        "h": 4,
        "w": 3,
        "x": 12,
        "y": 1
      },
      "id": 19,
      "options": {
        "minVizHeight": 75,
        "minVizWidth": 75,
        "orientation": "horizontal",
        "reduceOptions": {
          "calcs": [
            "lastNotNull"
          ],
          "fields": "",
          "values": false
        },
        "showThresholdLabels": false,
        "showThresholdMarkers": true,
        "sizing": "auto"
      },
      "pluginVersion": "12.0.2",
      "targets": [
        {
          "datasource": {
            "type": "prometheus",
            "uid": "${DS_PROMETHEUS}"
          },
          "editorMode": "code",
          "exemplar": false,
          "expr": "system_cpu_load_average_15m{k8s_cluster_name=~\"$k8s_cluster_name\", k8s_node_name=~\"${node_name}\", host_name=~\"$host_name\"} ",
          "hide": false,
          "instant": true,
          "intervalFactor": 1,
          "range": false,
          "refId": "sysload_15m",
          "step": 240
        }
      ],
      "title": "Sys Load (15m avg)",
      "type": "gauge"
    },
    {
      "datasource": {
        "type": "prometheus",
        "uid": "${DS_PROMETHEUS}"
      },
      "description": "Used Swap\n\nhttps://github.com/open-telemetry/opentelemetry-collector-contrib/blob/main/receiver/hostmetricsreceiver/internal/scraper/pagingscraper/documentation.md",
      "fieldConfig": {
        "defaults": {
          "color": {
            "mode": "thresholds"
          },
          "decimals": 1,
          "mappings": [
            {
              "options": {
                "match": "null",
                "result": {
                  "text": "N/A"
                }
              },
              "type": "special"
            }
          ],
          "max": 100,
          "min": 0,
          "thresholds": {
            "mode": "absolute",
            "steps": [
              {
                "color": "rgba(50, 172, 45, 0.97)"
              },
              {
                "color": "rgba(237, 129, 40, 0.89)",
                "value": 10
              },
              {
                "color": "rgba(245, 54, 54, 0.9)",
                "value": 25
              }
            ]
          },
          "unit": "percent"
        },
        "overrides": []
      },
      "gridPos": {
        "h": 4,
        "w": 3,
        "x": 15,
        "y": 1
      },
      "id": 21,
      "options": {
        "minVizHeight": 75,
        "minVizWidth": 75,
        "orientation": "horizontal",
        "reduceOptions": {
          "calcs": [
            "lastNotNull"
          ],
          "fields": "",
          "values": false
        },
        "showThresholdLabels": false,
        "showThresholdMarkers": true,
        "sizing": "auto"
      },
      "pluginVersion": "12.0.2",
      "targets": [
        {
          "datasource": {
            "type": "prometheus",
            "uid": "${DS_PROMETHEUS}"
          },
          "editorMode": "code",
          "exemplar": false,
          "expr": "sum(system_paging_usage_bytes { k8s_cluster_name=~\"$k8s_cluster_name\", k8s_node_name=~\"${node_name}\", host_name=~\"$host_name\", state=\"used\" })\n/\nsum(system_paging_usage_bytes { k8s_cluster_name=~\"$k8s_cluster_name\", k8s_node_name=~\"${node_name}\", host_name=~\"$host_name\"})",
          "instant": true,
          "intervalFactor": 1,
          "range": false,
          "refId": "A",
          "step": 240
        }
      ],
      "title": "SWAP Used",
      "type": "gauge"
    },
    {
      "datasource": {
        "type": "prometheus",
        "uid": "webstore-metrics"
      },
      "description": "Total number of CPU cores",
      "fieldConfig": {
        "defaults": {
          "color": {
            "mode": "thresholds"
          },
          "mappings": [
            {
              "options": {
                "match": "null",
                "result": {
                  "text": "N/A"
                }
              },
              "type": "special"
            }
          ],
          "thresholds": {
            "mode": "absolute",
            "steps": [
              {
                "color": "green"
              },
              {
                "color": "red",
                "value": 80
              }
            ]
          },
          "unit": "short"
        },
        "overrides": []
      },
      "gridPos": {
        "h": 2,
        "w": 2,
        "x": 18,
        "y": 1
      },
      "id": 14,
      "maxDataPoints": 100,
      "options": {
        "colorMode": "none",
        "graphMode": "none",
        "justifyMode": "auto",
        "orientation": "horizontal",
        "percentChangeColorMode": "standard",
        "reduceOptions": {
          "calcs": [
            "lastNotNull"
          ],
          "fields": "",
          "values": false
        },
        "showPercentChange": false,
        "textMode": "auto",
        "wideLayout": true
      },
      "pluginVersion": "12.0.2",
      "targets": [
        {
          "datasource": {
            "type": "prometheus",
            "uid": "fej9ntb4ninswf"
          },
          "editorMode": "code",
          "expr": "system_cpu_logical_count{ k8s_cluster_name=~\"$k8s_cluster_name\", k8s_node_name=~\"${node_name}\", host_name=~\"$host_name\", state=\"used\" }",
          "legendFormat": "__auto",
          "range": true,
          "refId": "A"
        }
      ],
      "title": "CPU Cores",
      "type": "stat"
    },
    {
      "datasource": {
        "type": "prometheus",
        "uid": "webstore-metrics"
      },
      "description": "Total RAM",
      "fieldConfig": {
        "defaults": {
          "color": {
            "mode": "thresholds"
          },
          "decimals": 0,
          "mappings": [
            {
              "options": {
                "match": "null",
                "result": {
                  "text": "N/A"
                }
              },
              "type": "special"
            }
          ],
          "thresholds": {
            "mode": "absolute",
            "steps": [
              {
                "color": "green"
              },
              {
                "color": "red",
                "value": 80
              }
            ]
          },
          "unit": "bytes"
        },
        "overrides": []
      },
      "gridPos": {
        "h": 2,
        "w": 2,
        "x": 20,
        "y": 1
      },
      "id": 75,
      "maxDataPoints": 100,
      "options": {
        "colorMode": "none",
        "graphMode": "none",
        "justifyMode": "auto",
        "orientation": "horizontal",
        "percentChangeColorMode": "standard",
        "reduceOptions": {
          "calcs": [
            "lastNotNull"
          ],
          "fields": "",
          "values": false
        },
        "showPercentChange": false,
        "textMode": "auto",
        "wideLayout": true
      },
      "pluginVersion": "12.0.2",
      "targets": [
        {
          "datasource": {
            "type": "prometheus",
            "uid": "fej9ntb4ninswf"
          },
          "editorMode": "code",
          "exemplar": false,
          "expr": "system_memory_limit_bytes{k8s_cluster_name=~\"$k8s_cluster_name\", k8s_node_name=~\"${node_name}\", host_name=~\"$host_name\"}",
          "instant": true,
          "intervalFactor": 1,
          "legendFormat": "__auto",
          "range": false,
          "refId": "A",
          "step": 240
        }
      ],
      "title": "RAM Total",
      "type": "stat"
    },
    {
      "datasource": {
        "type": "prometheus",
        "uid": "${DS_PROMETHEUS}"
      },
      "description": "Total SWAP",
      "fieldConfig": {
        "defaults": {
          "color": {
            "mode": "thresholds"
          },
          "decimals": 0,
          "mappings": [
            {
              "options": {
                "match": "null",
                "result": {
                  "text": "N/A"
                }
              },
              "type": "special"
            }
          ],
          "thresholds": {
            "mode": "absolute",
            "steps": [
              {
                "color": "green"
              },
              {
                "color": "red",
                "value": 80
              }
            ]
          },
          "unit": "bytes"
        },
        "overrides": []
      },
      "gridPos": {
        "h": 2,
        "w": 2,
        "x": 22,
        "y": 1
      },
      "id": 18,
      "maxDataPoints": 100,
      "options": {
        "colorMode": "none",
        "graphMode": "none",
        "justifyMode": "auto",
        "orientation": "horizontal",
        "percentChangeColorMode": "standard",
        "reduceOptions": {
          "calcs": [
            "lastNotNull"
          ],
          "fields": "",
          "values": false
        },
        "showPercentChange": false,
        "textMode": "auto",
        "wideLayout": true
      },
      "pluginVersion": "12.0.2",
      "targets": [
        {
          "datasource": {
            "type": "prometheus",
            "uid": "${DS_PROMETHEUS}"
          },
          "editorMode": "code",
          "exemplar": false,
          "expr": "sum(system_paging_usage_bytes{k8s_cluster_name=~\"$k8s_cluster_name\", k8s_node_name=~\"${node_name}\", host_name=~\"$host_name\"})",
          "instant": true,
          "intervalFactor": 1,
          "legendFormat": "__auto",
          "range": false,
          "refId": "A",
          "step": 240
        },
        {
          "datasource": {
            "type": "prometheus",
            "uid": "${DS_PROMETHEUS}"
          },
          "editorMode": "code",
          "expr": "",
          "hide": false,
          "instant": false,
          "legendFormat": "__auto",
          "range": true,
          "refId": "B"
        }
      ],
      "title": "SWAP Total",
      "type": "stat"
    },
    {
      "datasource": {
        "type": "prometheus",
        "uid": "webstore-metrics"
      },
      "description": "Total FS\n\nhttps://github.com/open-telemetry/opentelemetry-collector-contrib/blob/main/receiver/hostmetricsreceiver/internal/scraper/filesystemscraper/documentation.md",
      "fieldConfig": {
        "defaults": {
          "color": {
            "mode": "thresholds"
          },
          "decimals": 0,
          "mappings": [
            {
              "options": {
                "match": "null",
                "result": {
                  "text": "N/A"
                }
              },
              "type": "special"
            }
          ],
          "thresholds": {
            "mode": "absolute",
            "steps": [
              {
                "color": "rgba(50, 172, 45, 0.97)"
              },
              {
                "color": "rgba(237, 129, 40, 0.89)",
                "value": 70
              },
              {
                "color": "rgba(245, 54, 54, 0.9)",
                "value": 90
              }
            ]
          },
          "unit": "bytes"
        },
        "overrides": []
      },
      "gridPos": {
        "h": 2,
        "w": 2,
        "x": 18,
        "y": 3
      },
      "id": 23,
      "maxDataPoints": 100,
      "options": {
        "colorMode": "none",
        "graphMode": "none",
        "justifyMode": "auto",
        "orientation": "horizontal",
        "percentChangeColorMode": "standard",
        "reduceOptions": {
          "calcs": [
            "lastNotNull"
          ],
          "fields": "",
          "values": false
        },
        "showPercentChange": false,
        "textMode": "auto",
        "wideLayout": true
      },
      "pluginVersion": "12.0.2",
      "targets": [
        {
          "datasource": {
            "type": "prometheus",
            "uid": "fej9ntb4ninswf"
          },
          "editorMode": "code",
          "exemplar": false,
          "expr": "sum(system_filesystem_usage_bytes{k8s_cluster_name=~\"$k8s_cluster_name\", k8s_node_name=~\"${node_name}\", host_name=~\"$host_name\"})",
          "format": "time_series",
          "hide": false,
          "instant": true,
          "intervalFactor": 1,
          "range": false,
          "refId": "A",
          "step": 240
        }
      ],
      "title": "FS Total",
      "type": "stat"
    },
    {
      "datasource": {
        "type": "prometheus",
        "uid": "${DS_PROMETHEUS}"
      },
      "description": "System uptime",
      "fieldConfig": {
        "defaults": {
          "color": {
            "mode": "thresholds"
          },
          "decimals": 1,
          "mappings": [
            {
              "options": {
                "match": "null",
                "result": {
                  "text": "N/A"
                }
              },
              "type": "special"
            }
          ],
          "thresholds": {
            "mode": "absolute",
            "steps": [
              {
                "color": "green"
              },
              {
                "color": "red",
                "value": 80
              }
            ]
          },
          "unit": "s"
        },
        "overrides": []
      },
      "gridPos": {
        "h": 2,
        "w": 4,
        "x": 20,
        "y": 3
      },
      "id": 15,
      "maxDataPoints": 100,
      "options": {
        "colorMode": "none",
        "graphMode": "none",
        "justifyMode": "auto",
        "orientation": "horizontal",
        "percentChangeColorMode": "standard",
        "reduceOptions": {
          "calcs": [
            "lastNotNull"
          ],
          "fields": "",
          "values": false
        },
        "showPercentChange": false,
        "textMode": "auto",
        "wideLayout": true
      },
      "pluginVersion": "12.0.2",
      "targets": [
        {
          "datasource": {
            "type": "prometheus",
            "uid": "${DS_PROMETHEUS}"
          },
          "editorMode": "code",
          "exemplar": false,
          "expr": "system_uptime_seconds{k8s_cluster_name=~\"$k8s_cluster_name\", k8s_node_name=~\"${node_name}\", host_name=~\"$host_name\"}",
          "instant": true,
          "intervalFactor": 1,
          "legendFormat": "__auto",
          "range": false,
          "refId": "A",
          "step": 240
        },
        {
          "datasource": {
            "type": "prometheus",
            "uid": "${DS_PROMETHEUS}"
          },
          "editorMode": "code",
          "expr": "",
          "hide": false,
          "instant": false,
          "legendFormat": "__auto",
          "range": true,
          "refId": "B"
        }
      ],
      "title": "Uptime",
      "type": "stat"
    },
    {
      "collapsed": false,
      "gridPos": {
        "h": 1,
        "w": 24,
        "x": 0,
        "y": 5
      },
      "id": 266,
      "panels": [],
      "title": "Basic",
      "type": "row"
    },
    {
      "datasource": {
        "type": "prometheus",
        "uid": "webstore-metrics"
      },
      "description": "",
      "fieldConfig": {
        "defaults": {
          "color": {
            "mode": "palette-classic"
          },
          "custom": {
            "axisBorderShow": false,
            "axisCenteredZero": false,
            "axisColorMode": "text",
            "axisLabel": "",
            "axisPlacement": "auto",
            "barAlignment": 0,
            "barWidthFactor": 0.6,
            "drawStyle": "line",
            "fillOpacity": 40,
            "gradientMode": "none",
            "hideFrom": {
              "legend": false,
              "tooltip": false,
              "viz": false
            },
            "insertNulls": false,
            "lineInterpolation": "smooth",
            "lineWidth": 1,
            "pointSize": 5,
            "scaleDistribution": {
              "type": "linear"
            },
            "showPoints": "never",
            "spanNulls": false,
            "stacking": {
              "group": "A",
              "mode": "percent"
            },
            "thresholdsStyle": {
              "mode": "off"
            }
          },
          "links": [],
          "mappings": [],
          "min": 0,
          "thresholds": {
            "mode": "absolute",
            "steps": [
              {
                "color": "green"
              },
              {
                "color": "red",
                "value": 80
              }
            ]
          },
          "unit": "percentunit"
        },
        "overrides": [
          {
            "matcher": {
              "id": "byName",
              "options": "Busy System"
            },
            "properties": [
              {
                "id": "color",
                "value": {
                  "fixedColor": "#890F02",
                  "mode": "fixed"
                }
              }
            ]
          },
          {
            "matcher": {
              "id": "byName",
              "options": "Busy User"
            },
            "properties": [
              {
                "id": "color",
                "value": {
                  "fixedColor": "blue",
                  "mode": "fixed"
                }
              }
            ]
          },
          {
            "matcher": {
              "id": "byName",
              "options": "Busy Wait"
            },
            "properties": [
              {
                "id": "color",
                "value": {
                  "fixedColor": "yellow",
                  "mode": "fixed"
                }
              }
            ]
          },
          {
            "matcher": {
              "id": "byName",
              "options": "Idle"
            },
            "properties": [
              {
                "id": "color",
                "value": {
                  "fixedColor": "#7EB26D",
                  "mode": "fixed"
                }
              }
            ]
          },
          {
            "matcher": {
              "id": "byName",
              "options": "Busy IRQs"
            },
            "properties": [
              {
                "id": "color",
                "value": {
                  "fixedColor": "super-light-yellow",
                  "mode": "fixed"
                }
              }
            ]
          },
          {
            "matcher": {
              "id": "byName",
              "options": "Busy Other"
            },
            "properties": [
              {
                "id": "color",
                "value": {
                  "fixedColor": "light-orange",
                  "mode": "fixed"
                }
              }
            ]
          },
          {
            "matcher": {
              "id": "byName",
              "options": "Idle"
            },
            "properties": [
              {
                "id": "color",
                "value": {
                  "fixedColor": "green",
                  "mode": "fixed"
                }
              }
            ]
          }
        ]
      },
      "gridPos": {
        "h": 7,
        "w": 6,
        "x": 0,
        "y": 6
      },
      "id": 77,
      "options": {
        "legend": {
          "calcs": [],
          "displayMode": "list",
          "placement": "bottom",
          "showLegend": true,
          "width": 250
        },
        "tooltip": {
          "hideZeros": false,
          "mode": "multi",
          "sort": "desc"
        }
      },
      "pluginVersion": "12.0.2",
      "targets": [
        {
          "datasource": {
            "type": "prometheus",
            "uid": "fej9ntb4ninswf"
          },
          "editorMode": "code",
          "expr": "sum (irate(system_cpu_time_seconds_total{k8s_cluster_name=~\"$k8s_cluster_name\", k8s_node_name=~\"${node_name}\", host_name=~\"$host_name\", state=\"system\"}[$__rate_interval])) \n/\nsum ((irate(system_cpu_time_seconds_total{k8s_cluster_name=~\"$k8s_cluster_name\", k8s_node_name=~\"${node_name}\", host_name=~\"$host_name\"}[$__rate_interval])))",
          "format": "time_series",
          "hide": false,
          "intervalFactor": 1,
          "legendFormat": "Busy System",
          "range": true,
          "refId": "busy system",
          "step": 240
        },
        {
          "datasource": {
            "type": "prometheus",
            "uid": "fej9ntb4ninswf"
          },
          "editorMode": "code",
          "expr": "sum (irate(system_cpu_time_seconds_total{kk8s_cluster_name=~\"$k8s_cluster_name\", k8s_node_name=~\"${node_name}\", host_name=~\"$host_name\", state=\"user\"}[$__rate_interval])) \n/ \nsum ((irate(system_cpu_time_seconds_total{k8s_cluster_name=~\"$k8s_cluster_name\", k8s_node_name=~\"${node_name}\", host_name=~\"$host_name\"}[$__rate_interval])))",
          "format": "time_series",
          "hide": false,
          "intervalFactor": 1,
          "legendFormat": "Busy User",
          "range": true,
          "refId": "busy user",
          "step": 240
        },
        {
          "datasource": {
            "type": "prometheus",
            "uid": "fej9ntb4ninswf"
          },
          "editorMode": "code",
          "expr": "sum(irate(system_cpu_time_seconds_total{k8s_cluster_name=~\"$k8s_cluster_name\", k8s_node_name=~\"${node_name}\", host_name=~\"$host_name\", state=\"wait\"}[$__rate_interval])) \n/ \nsum ((irate(system_cpu_time_seconds_total{k8s_cluster_name=~\"$k8s_cluster_name\", k8s_node_name=~\"${node_name}\", host_name=~\"$host_name\"}[$__rate_interval])))",
          "format": "time_series",
          "hide": false,
          "intervalFactor": 1,
          "legendFormat": "Busy Wait",
          "range": true,
          "refId": "busy wait",
          "step": 240
        },
        {
          "datasource": {
            "type": "prometheus",
            "uid": "fej9ntb4ninswf"
          },
          "editorMode": "code",
          "expr": "sum (irate(system_cpu_time_seconds_total{k8s_cluster_name=~\"$k8s_cluster_name\", k8s_node_name=~\"${node_name}\", host_name=~\"$host_name\", state=~\".*irq\"}[$__rate_interval])) \n/\nsum((irate(system_cpu_time_seconds_total{k8s_cluster_name=~\"$k8s_cluster_name\", k8s_node_name=~\"${node_name}\", host_name=~\"$host_name\"}[$__rate_interval])))",
          "format": "time_series",
          "hide": false,
          "intervalFactor": 1,
          "legendFormat": "Busy IRQs",
          "range": true,
          "refId": "busy irq",
          "step": 240
        },
        {
          "datasource": {
            "type": "prometheus",
            "uid": "fej9ntb4ninswf"
          },
          "editorMode": "code",
          "expr": "sum(irate(system_cpu_time_seconds_total{k8s_cluster_name=~\"$k8s_cluster_name\", k8s_node_name=~\"${node_name}\", host_name=~\"$host_name\", state!~\".*irq\", state!=\"idle\", state!=\"user\", state!=\"wait\", state!=\"system\"}[$__rate_interval]))\n/\nsum ((irate(system_cpu_time_seconds_total{k8s_cluster_name=~\"$k8s_cluster_name\", k8s_node_name=~\"${node_name}\", host_name=~\"$host_name\"}[$__rate_interval])))",
          "format": "time_series",
          "hide": false,
          "intervalFactor": 1,
          "legendFormat": "Busy Other",
          "range": true,
          "refId": "busy other",
          "step": 240
        },
        {
          "datasource": {
            "type": "prometheus",
            "uid": "fej9ntb4ninswf"
          },
          "editorMode": "code",
          "expr": "sum by(host_name) (irate(system_cpu_time_seconds_total{k8s_cluster_name=~\"$k8s_cluster_name\", k8s_node_name=~\"${node_name}\", host_name=~\"$host_name\", state=\"idle\"}[$__rate_interval])) \n/ \non(host_name) group_left sum by (host_name)((irate(system_cpu_time_seconds_total{k8s_cluster_name=~\"$k8s_cluster_name\", k8s_node_name=~\"${node_name}\", host_name=~\"$host_name\"}[$__rate_interval])))",
          "format": "time_series",
          "hide": false,
          "intervalFactor": 1,
          "legendFormat": "Idle",
          "range": true,
          "refId": "idle",
          "step": 240
        }
      ],
      "title": "CPU",
      "type": "timeseries"
    },
    {
      "datasource": {
        "type": "prometheus",
        "uid": "${DS_PROMETHEUS}"
      },
      "description": "",
      "fieldConfig": {
        "defaults": {
          "color": {
            "mode": "palette-classic"
          },
          "custom": {
            "axisBorderShow": false,
            "axisCenteredZero": false,
            "axisColorMode": "text",
            "axisLabel": "",
            "axisPlacement": "auto",
            "barAlignment": 0,
            "barWidthFactor": 0.6,
            "drawStyle": "line",
            "fillOpacity": 40,
            "gradientMode": "none",
            "hideFrom": {
              "legend": false,
              "tooltip": false,
              "viz": false
            },
            "insertNulls": false,
            "lineInterpolation": "linear",
            "lineWidth": 1,
            "pointSize": 5,
            "scaleDistribution": {
              "type": "linear"
            },
            "showPoints": "never",
            "spanNulls": false,
            "stacking": {
              "group": "A",
              "mode": "normal"
            },
            "thresholdsStyle": {
              "mode": "off"
            }
          },
          "links": [],
          "mappings": [],
          "min": 0,
          "thresholds": {
            "mode": "absolute",
            "steps": [
              {
                "color": "green"
              },
              {
                "color": "red",
                "value": 80
              }
            ]
          },
          "unit": "bytes"
        },
        "overrides": [
          {
            "matcher": {
              "id": "byName",
              "options": "Apps"
            },
            "properties": [
              {
                "id": "color",
                "value": {
                  "fixedColor": "#629E51",
                  "mode": "fixed"
                }
              }
            ]
          },
          {
            "matcher": {
              "id": "byName",
              "options": "Buffers"
            },
            "properties": [
              {
                "id": "color",
                "value": {
                  "fixedColor": "#614D93",
                  "mode": "fixed"
                }
              }
            ]
          },
          {
            "matcher": {
              "id": "byName",
              "options": "Cache"
            },
            "properties": [
              {
                "id": "color",
                "value": {
                  "fixedColor": "#6D1F62",
                  "mode": "fixed"
                }
              }
            ]
          },
          {
            "matcher": {
              "id": "byName",
              "options": "Cached"
            },
            "properties": [
              {
                "id": "color",
                "value": {
                  "fixedColor": "#511749",
                  "mode": "fixed"
                }
              }
            ]
          },
          {
            "matcher": {
              "id": "byName",
              "options": "Committed"
            },
            "properties": [
              {
                "id": "color",
                "value": {
                  "fixedColor": "#508642",
                  "mode": "fixed"
                }
              }
            ]
          },
          {
            "matcher": {
              "id": "byName",
              "options": "Free"
            },
            "properties": [
              {
                "id": "color",
                "value": {
                  "fixedColor": "#0A437C",
                  "mode": "fixed"
                }
              }
            ]
          },
          {
            "matcher": {
              "id": "byName",
              "options": "Hardware Corrupted - Amount of RAM that the kernel identified as corrupted / not working"
            },
            "properties": [
              {
                "id": "color",
                "value": {
                  "fixedColor": "#CFFAFF",
                  "mode": "fixed"
                }
              }
            ]
          },
          {
            "matcher": {
              "id": "byName",
              "options": "Inactive"
            },
            "properties": [
              {
                "id": "color",
                "value": {
                  "fixedColor": "#584477",
                  "mode": "fixed"
                }
              }
            ]
          },
          {
            "matcher": {
              "id": "byName",
              "options": "PageTables"
            },
            "properties": [
              {
                "id": "color",
                "value": {
                  "fixedColor": "#0A50A1",
                  "mode": "fixed"
                }
              }
            ]
          },
          {
            "matcher": {
              "id": "byName",
              "options": "Page_Tables"
            },
            "properties": [
              {
                "id": "color",
                "value": {
                  "fixedColor": "#0A50A1",
                  "mode": "fixed"
                }
              }
            ]
          },
          {
            "matcher": {
              "id": "byName",
              "options": "RAM_Free"
            },
            "properties": [
              {
                "id": "color",
                "value": {
                  "fixedColor": "#E0F9D7",
                  "mode": "fixed"
                }
              }
            ]
          },
          {
            "matcher": {
              "id": "byName",
              "options": "SWAP Used"
            },
            "properties": [
              {
                "id": "color",
                "value": {
                  "fixedColor": "#BF1B00",
                  "mode": "fixed"
                }
              }
            ]
          },
          {
            "matcher": {
              "id": "byName",
              "options": "Slab"
            },
            "properties": [
              {
                "id": "color",
                "value": {
                  "fixedColor": "#806EB7",
                  "mode": "fixed"
                }
              }
            ]
          },
          {
            "matcher": {
              "id": "byName",
              "options": "Slab_Cache"
            },
            "properties": [
              {
                "id": "color",
                "value": {
                  "fixedColor": "#E0752D",
                  "mode": "fixed"
                }
              }
            ]
          },
          {
            "matcher": {
              "id": "byName",
              "options": "Swap"
            },
            "properties": [
              {
                "id": "color",
                "value": {
                  "fixedColor": "#BF1B00",
                  "mode": "fixed"
                }
              }
            ]
          },
          {
            "matcher": {
              "id": "byName",
              "options": "Swap Used"
            },
            "properties": [
              {
                "id": "color",
                "value": {
                  "fixedColor": "#BF1B00",
                  "mode": "fixed"
                }
              }
            ]
          },
          {
            "matcher": {
              "id": "byName",
              "options": "Swap_Cache"
            },
            "properties": [
              {
                "id": "color",
                "value": {
                  "fixedColor": "#C15C17",
                  "mode": "fixed"
                }
              }
            ]
          },
          {
            "matcher": {
              "id": "byName",
              "options": "Swap_Free"
            },
            "properties": [
              {
                "id": "color",
                "value": {
                  "fixedColor": "#2F575E",
                  "mode": "fixed"
                }
              }
            ]
          },
          {
            "matcher": {
              "id": "byName",
              "options": "Unused"
            },
            "properties": [
              {
                "id": "color",
                "value": {
                  "fixedColor": "#EAB839",
                  "mode": "fixed"
                }
              }
            ]
          },
          {
            "matcher": {
              "id": "byName",
              "options": "RAM Total"
            },
            "properties": [
              {
                "id": "color",
                "value": {
                  "fixedColor": "#E0F9D7",
                  "mode": "fixed"
                }
              },
              {
                "id": "custom.fillOpacity",
                "value": 0
              },
              {
                "id": "custom.stacking",
                "value": {
                  "group": false,
                  "mode": "normal"
                }
              }
            ]
          },
          {
            "matcher": {
              "id": "byName",
              "options": "RAM Cache + Buffer"
            },
            "properties": [
              {
                "id": "color",
                "value": {
                  "fixedColor": "#052B51",
                  "mode": "fixed"
                }
              }
            ]
          },
          {
            "matcher": {
              "id": "byName",
              "options": "RAM Free"
            },
            "properties": [
              {
                "id": "color",
                "value": {
                  "fixedColor": "#7EB26D",
                  "mode": "fixed"
                }
              }
            ]
          },
          {
            "matcher": {
              "id": "byName",
              "options": "Available"
            },
            "properties": [
              {
                "id": "color",
                "value": {
                  "fixedColor": "#DEDAF7",
                  "mode": "fixed"
                }
              },
              {
                "id": "custom.fillOpacity",
                "value": 0
              },
              {
                "id": "custom.stacking",
                "value": {
                  "group": false,
                  "mode": "normal"
                }
              }
            ]
          }
        ]
      },
      "gridPos": {
        "h": 7,
        "w": 5,
        "x": 6,
        "y": 6
      },
      "id": 78,
      "options": {
        "legend": {
          "calcs": [],
          "displayMode": "list",
          "placement": "bottom",
          "showLegend": true,
          "width": 350
        },
        "tooltip": {
          "hideZeros": false,
          "mode": "multi",
          "sort": "none"
        }
      },
      "pluginVersion": "12.0.2",
      "targets": [
        {
          "datasource": {
            "type": "prometheus",
            "uid": "${DS_PROMETHEUS}"
          },
          "editorMode": "code",
          "expr": "sum(system_memory_usage_bytes{k8s_cluster_name=~\"$k8s_cluster_name\", k8s_node_name=~\"${node_name}\", host_name=~\"$host_name\"})",
          "format": "time_series",
          "hide": false,
          "intervalFactor": 1,
          "legendFormat": "Available",
          "range": true,
          "refId": "A",
          "step": 240
        },
        {
          "datasource": {
            "type": "prometheus",
            "uid": "${DS_PROMETHEUS}"
          },
          "editorMode": "code",
          "expr": "sum(system_memory_usage_bytes{k8s_cluster_name=~\"$k8s_cluster_name\", k8s_node_name=~\"${node_name}\", host_name=~\"$host_name\", state=\"free\"})",
          "format": "time_series",
          "hide": false,
          "intervalFactor": 1,
          "legendFormat": "RAM Free",
          "range": true,
          "refId": "B",
          "step": 240
        },
        {
          "datasource": {
            "type": "prometheus",
            "uid": "${DS_PROMETHEUS}"
          },
          "editorMode": "code",
          "expr": "sum(system_memory_usage_bytes{k8s_cluster_name=~\"$k8s_cluster_name\", k8s_node_name=~\"${node_name}\", host_name=~\"$host_name\", state=~\"cached|buffered\"})",
          "format": "time_series",
          "intervalFactor": 1,
          "legendFormat": "RAM Cache + Buffer",
          "range": true,
          "refId": "C",
          "step": 240
        },
        {
          "datasource": {
            "type": "prometheus",
            "uid": "${DS_PROMETHEUS}"
          },
          "editorMode": "code",
          "exemplar": false,
          "expr": "sum(system_memory_usage_bytes{k8s_cluster_name=~\"$k8s_cluster_name\", k8s_node_name=~\"${node_name}\", host_name=~\"$host_name\", state=\"used\"})",
          "format": "time_series",
          "instant": false,
          "intervalFactor": 1,
          "legendFormat": "Used",
          "range": true,
          "refId": "E",
          "step": 240
        }
      ],
      "title": "Memory",
      "type": "timeseries"
    },
    {
      "datasource": {
        "type": "prometheus",
        "uid": "${DS_PROMETHEUS}"
      },
      "description": "",
      "fieldConfig": {
        "defaults": {
          "color": {
            "mode": "palette-classic"
          },
          "custom": {
            "axisBorderShow": false,
            "axisCenteredZero": false,
            "axisColorMode": "text",
            "axisLabel": "Receive (-) / Transmit (+)",
            "axisPlacement": "auto",
            "barAlignment": 0,
            "barWidthFactor": 0.6,
            "drawStyle": "line",
            "fillOpacity": 40,
            "gradientMode": "none",
            "hideFrom": {
              "legend": false,
              "tooltip": false,
              "viz": false
            },
            "insertNulls": false,
            "lineInterpolation": "linear",
            "lineWidth": 1,
            "pointSize": 5,
            "scaleDistribution": {
              "type": "linear"
            },
            "showPoints": "never",
            "spanNulls": 3600000,
            "stacking": {
              "group": "A",
              "mode": "none"
            },
            "thresholdsStyle": {
              "mode": "off"
            }
          },
          "links": [],
          "mappings": [],
          "thresholds": {
            "mode": "absolute",
            "steps": [
              {
                "color": "green"
              },
              {
                "color": "red",
                "value": 80
              }
            ]
          },
          "unit": "binBps"
        },
        "overrides": [
          {
            "matcher": {
              "id": "byRegexp",
              "options": "/.*Rec.*/"
            },
            "properties": [
              {
                "id": "custom.transform",
                "value": "negative-Y"
              }
            ]
          }
        ]
      },
      "gridPos": {
        "h": 7,
        "w": 6,
        "x": 11,
        "y": 6
      },
      "id": 74,
      "options": {
        "legend": {
          "calcs": [],
          "displayMode": "list",
          "placement": "bottom",
          "showLegend": true
        },
        "tooltip": {
          "hideZeros": false,
          "mode": "multi",
          "sort": "none"
        }
      },
      "pluginVersion": "12.0.2",
      "targets": [
        {
          "datasource": {
            "type": "prometheus",
            "uid": "${DS_PROMETHEUS}"
          },
          "editorMode": "code",
          "expr": "sum (rate(system_network_io_bytes_total{k8s_cluster_name=~\"$k8s_cluster_name\", k8s_node_name=~\"${node_name}\", host_name=~\"$host_name\", direction=\"receive\", job=\"\"}[$__rate_interval]))",
          "format": "time_series",
          "hide": false,
          "intervalFactor": 1,
          "legendFormat": "Receive",
          "range": true,
          "refId": "receive",
          "step": 240
        },
        {
          "datasource": {
            "type": "prometheus",
            "uid": "${DS_PROMETHEUS}"
          },
          "editorMode": "code",
          "expr": "sum (rate(system_network_io_bytes_total{k8s_cluster_name=~\"$k8s_cluster_name\", k8s_node_name=~\"${node_name}\", host_name=~\"$host_name\", direction=\"transmit\", job=\"\"}[$__rate_interval]))",
          "format": "time_series",
          "intervalFactor": 1,
          "legendFormat": "Transmit",
          "range": true,
          "refId": "transmit",
          "step": 240
        }
      ],
      "title": "Network Traffic",
      "type": "timeseries"
    },
    {
      "datasource": {
        "type": "prometheus",
        "uid": "${DS_PROMETHEUS}"
      },
      "description": "",
      "fieldConfig": {
        "defaults": {
          "color": {
            "mode": "palette-classic"
          },
          "custom": {
            "axisBorderShow": false,
            "axisCenteredZero": false,
            "axisColorMode": "text",
            "axisLabel": "Read (-) / Write (+)",
            "axisPlacement": "auto",
            "barAlignment": 0,
            "barWidthFactor": 0.6,
            "drawStyle": "line",
            "fillOpacity": 40,
            "gradientMode": "none",
            "hideFrom": {
              "legend": false,
              "tooltip": false,
              "viz": false
            },
            "insertNulls": false,
            "lineInterpolation": "smooth",
            "lineWidth": 1,
            "pointSize": 5,
            "scaleDistribution": {
              "type": "linear"
            },
            "showPoints": "never",
            "spanNulls": false,
            "stacking": {
              "group": "A",
              "mode": "none"
            },
            "thresholdsStyle": {
              "mode": "off"
            }
          },
          "links": [],
          "mappings": [],
          "thresholds": {
            "mode": "absolute",
            "steps": [
              {
                "color": "green"
              },
              {
                "color": "red",
                "value": 80
              }
            ]
          },
          "unit": "Bps"
        },
        "overrides": [
          {
            "matcher": {
              "id": "byRegexp",
              "options": "/.*Read*./"
            },
            "properties": [
              {
                "id": "custom.transform",
                "value": "negative-Y"
              }
            ]
          }
        ]
      },
      "gridPos": {
        "h": 7,
        "w": 7,
        "x": 17,
        "y": 6
      },
      "id": 42,
      "options": {
        "legend": {
          "calcs": [],
          "displayMode": "list",
          "placement": "bottom",
          "showLegend": true
        },
        "tooltip": {
          "hideZeros": false,
          "mode": "multi",
          "sort": "none"
        }
      },
      "pluginVersion": "12.0.2",
      "targets": [
        {
          "datasource": {
            "type": "prometheus",
            "uid": "${DS_PROMETHEUS}"
          },
          "editorMode": "code",
          "expr": "sum(irate(system_disk_io_bytes_total{k8s_cluster_name=~\"$k8s_cluster_name\", k8s_node_name=~\"${node_name}\", host_name=~\"$host_name\", direction=\"read\"}[$__rate_interval]))",
          "format": "time_series",
          "hide": false,
          "intervalFactor": 1,
          "legendFormat": "Read",
          "range": true,
          "refId": "read",
          "step": 240
        },
        {
          "datasource": {
            "type": "prometheus",
            "uid": "${DS_PROMETHEUS}"
          },
          "editorMode": "code",
          "expr": "sum(irate(system_disk_io_bytes_total{k8s_cluster_name=~\"$k8s_cluster_name\", k8s_node_name=~\"${node_name}\", host_name=~\"$host_name\", direction=\"write\"}[$__rate_interval]))",
          "format": "time_series",
          "hide": false,
          "intervalFactor": 1,
          "legendFormat": "Write",
          "range": true,
          "refId": "write",
          "step": 240
        },
        {
          "datasource": {
            "type": "prometheus",
            "uid": "${DS_PROMETHEUS}"
          },
          "editorMode": "code",
          "expr": "",
          "hide": false,
          "instant": false,
          "legendFormat": "__auto",
          "range": true,
          "refId": "C"
        }
      ],
      "title": "I/O Usage Read / Write",
      "type": "timeseries"
    },
    {
      "datasource": {
        "type": "prometheus",
        "uid": "webstore-metrics"
      },
      "fieldConfig": {
        "defaults": {
          "color": {
            "mode": "thresholds"
          },
          "custom": {
            "align": "auto",
            "cellOptions": {
              "type": "auto"
            },
            "inspect": false
          },
          "mappings": [],
          "thresholds": {
            "mode": "absolute",
            "steps": [
              {
                "color": "green"
              },
              {
                "color": "red",
                "value": 80
              }
            ]
          }
        },
        "overrides": [
          {
            "matcher": {
              "id": "byName",
              "options": "Trend #transmit_bytes"
            },
            "properties": [
              {
                "id": "unit",
                "value": "binBps"
              }
            ]
          },
          {
            "matcher": {
              "id": "byName",
              "options": "Trend #receive_bytes"
            },
            "properties": [
              {
                "id": "unit",
                "value": "binBps"
              }
            ]
          },
          {
            "matcher": {
              "id": "byName",
              "options": "Trend #receive_dropped_packets"
            },
            "properties": [
              {
                "id": "unit",
                "value": "pps"
              }
            ]
          },
          {
            "matcher": {
              "id": "byName",
              "options": "Trend #transmit_dropped_packets"
            },
            "properties": [
              {
                "id": "unit",
                "value": "pps"
              }
            ]
          },
          {
            "matcher": {
              "id": "byName",
              "options": "Trend #receive_errors"
            },
            "properties": [
              {
                "id": "unit",
                "value": "pps"
              }
            ]
          },
          {
            "matcher": {
              "id": "byName",
              "options": "Trend #transmit_errors"
            },
            "properties": [
              {
                "id": "unit",
                "value": "pps"
              }
            ]
          }
        ]
      },
      "gridPos": {
        "h": 8,
        "w": 15,
        "x": 0,
        "y": 14
      },
      "id": 270,
      "options": {
        "cellHeight": "sm",
        "footer": {
          "countRows": false,
          "fields": "",
          "reducer": [
            "sum"
          ],
          "show": false
        },
        "showHeader": true
      },
      "pluginVersion": "12.0.2",
      "targets": [
        {
          "datasource": {
            "type": "prometheus",
            "uid": "webstore-metrics"
          },
          "disableTextWrap": false,
          "editorMode": "code",
          "expr": "sum by(device) (rate(system_network_io_bytes_total{k8s_cluster_name=~\"$k8s_cluster_name\", k8s_node_name=~\"${node_name}\", host_name=~\"$host_name\", job=\"\", direction=\"transmit\"}[$__rate_interval]))",
          "fullMetaSearch": false,
          "hide": false,
          "includeNullMetadata": true,
          "instant": false,
          "legendFormat": "__auto",
          "range": true,
          "refId": "transmit_bytes",
          "useBackend": false
        },
        {
          "datasource": {
            "type": "prometheus",
            "uid": "webstore-metrics"
          },
          "editorMode": "code",
          "expr": "sum by(device) (rate(system_network_io_bytes_total{k8s_cluster_name=~\"$k8s_cluster_name\", k8s_node_name=~\"${node_name}\", host_name=~\"$host_name\", job=\"\", direction=\"receive\"}[$__rate_interval]))",
          "hide": false,
          "instant": false,
          "legendFormat": "__auto",
          "range": true,
          "refId": "receive_bytes"
        },
        {
          "datasource": {
            "type": "prometheus",
            "uid": "webstore-metrics"
          },
          "editorMode": "code",
          "expr": "sum by(device) (rate(system_network_dropped_total{k8s_cluster_name=~\"$k8s_cluster_name\", k8s_node_name=~\"${node_name}\", host_name=~\"$host_name\", job=\"\",direction=\"receive\"}[$__rate_interval]))",
          "hide": false,
          "instant": false,
          "legendFormat": "__auto",
          "range": true,
          "refId": "receive_dropped_packets"
        },
        {
          "datasource": {
            "type": "prometheus",
            "uid": "webstore-metrics"
          },
          "editorMode": "code",
          "expr": "sum by(device) (rate(system_network_dropped_total{k8s_cluster_name=~\"$k8s_cluster_name\", k8s_node_name=~\"${node_name}\", host_name=~\"$host_name\", job=\"\",direction=\"transmit\"}[$__rate_interval]))",
          "hide": false,
          "instant": false,
          "legendFormat": "__auto",
          "range": true,
          "refId": "transmit_dropped_packets"
        },
        {
          "datasource": {
            "type": "prometheus",
            "uid": "webstore-metrics"
          },
          "editorMode": "code",
          "expr": "sum by(device) (rate(system_network_errors_total{k8s_cluster_name=~\"$k8s_cluster_name\", k8s_node_name=~\"${node_name}\", host_name=~\"$host_name\", job=\"\",direction=\"receive\"}[$__rate_interval]))",
          "hide": false,
          "instant": false,
          "legendFormat": "__auto",
          "range": true,
          "refId": "receive_errors"
        },
        {
          "datasource": {
            "type": "prometheus",
            "uid": "webstore-metrics"
          },
          "editorMode": "code",
          "expr": "sum by(device) (rate(system_network_errors_total{k8s_cluster_name=~\"$k8s_cluster_name\", k8s_node_name=~\"${node_name}\", host_name=~\"$host_name\", job=\"\",direction=\"transmit\"}[$__rate_interval]))",
          "hide": false,
          "instant": false,
          "legendFormat": "__auto",
          "range": true,
          "refId": "transmit_errors"
        }
      ],
      "title": "Network traffic",
      "transformations": [
        {
          "id": "timeSeriesTable",
          "options": {
            "A": {
              "timeField": "Time"
            },
            "receive": {
              "timeField": "Time"
            },
            "receive_bytes": {
              "timeField": "Time"
            },
            "receive_dropped_packets": {
              "timeField": "Time"
            },
            "receive_errors": {
              "timeField": "Time"
            },
            "transmit": {
              "timeField": "Time"
            },
            "transmit_bytes": {
              "timeField": "Time"
            },
            "transmit_dropped_packets": {
              "timeField": "Time"
            },
            "transmit_errors": {
              "timeField": "Time"
            }
          }
        },
        {
          "id": "joinByField",
          "options": {
            "byField": "device",
            "mode": "outer"
          }
        },
        {
          "id": "organize",
          "options": {
            "excludeByName": {},
            "includeByName": {},
            "indexByName": {
              "Trend #receive_bytes": 4,
              "Trend #receive_dropped_packets": 5,
              "Trend #receive_errors": 3,
              "Trend #transmit_bytes": 1,
              "Trend #transmit_dropped_packets": 2,
              "Trend #transmit_errors": 6,
              "device": 0
            },
            "renameByName": {
              "Trend #receive": "Receive",
              "Trend #receive_bytes": "Receive",
              "Trend #receive_dropped_packets": "Receive dropped",
              "Trend #receive_errors": "Transmit err",
              "Trend #transmit": "Transmit",
              "Trend #transmit_bytes": "Transmit",
              "Trend #transmit_dropped_packets": "Transmit dropped",
              "Trend #transmit_errors": "Receive err",
              "device": "Interface"
            }
          }
        }
      ],
      "type": "table"
    },
    {
      "datasource": {
        "type": "prometheus",
        "uid": "webstore-metrics"
      },
      "fieldConfig": {
        "defaults": {
          "color": {
            "mode": "thresholds"
          },
          "custom": {
            "align": "auto",
            "cellOptions": {
              "type": "auto"
            },
            "inspect": false
          },
          "mappings": [],
          "thresholds": {
            "mode": "absolute",
            "steps": [
              {
                "color": "green"
              },
              {
                "color": "red",
                "value": 80
              }
            ]
          },
          "unit": "bytes"
        },
        "overrides": [
          {
            "matcher": {
              "id": "byName",
              "options": "Used %"
            },
            "properties": [
              {
                "id": "custom.cellOptions",
                "value": {
                  "mode": "basic",
                  "type": "gauge",
                  "valueDisplayMode": "color"
                }
              },
              {
                "id": "unit",
                "value": "percentunit"
              },
              {
                "id": "min",
                "value": 0
              },
              {
                "id": "max",
                "value": 1
              }
            ]
          },
          {
            "matcher": {
              "id": "byName",
              "options": "Free"
            },
            "properties": [
              {
                "id": "custom.width",
                "value": 80
              }
            ]
          },
          {
            "matcher": {
              "id": "byName",
              "options": "Total"
            },
            "properties": [
              {
                "id": "custom.width",
                "value": 80
              }
            ]
          },
          {
            "matcher": {
              "id": "byName",
              "options": "Used"
            },
            "properties": [
              {
                "id": "custom.width",
                "value": 78
              }
            ]
          },
          {
            "matcher": {
              "id": "byName",
              "options": "Mount"
            },
            "properties": [
              {
                "id": "custom.width",
                "value": 200
              }
            ]
          }
        ]
      },
      "gridPos": {
        "h": 8,
        "w": 9,
        "x": 15,
        "y": 14
      },
      "id": 269,
      "options": {
        "cellHeight": "sm",
        "footer": {
          "countRows": false,
          "fields": "",
          "reducer": [
            "sum"
          ],
          "show": false
        },
        "frameIndex": 0,
        "showHeader": true,
        "sortBy": []
      },
      "pluginVersion": "12.0.2",
      "targets": [
        {
          "disableTextWrap": false,
          "editorMode": "code",
          "exemplar": false,
          "expr": "sum by(mountpoint) (system_filesystem_usage_bytes{k8s_cluster_name=~\"$k8s_cluster_name\", k8s_node_name=~\"${node_name}\", host_name=~\"$host_name\", state=\"free\"})",
          "format": "table",
          "fullMetaSearch": false,
          "includeNullMetadata": true,
          "instant": true,
          "legendFormat": "__auto",
          "range": false,
          "refId": "free",
          "useBackend": false
        },
        {
          "datasource": {
            "type": "prometheus",
            "uid": "webstore-metrics"
          },
          "editorMode": "code",
          "exemplar": false,
          "expr": "sum by(mountpoint) (system_filesystem_usage_bytes{k8s_cluster_name=~\"$k8s_cluster_name\", k8s_node_name=~\"${node_name}\", host_name=~\"$host_name\"})",
          "format": "table",
          "hide": false,
          "instant": true,
          "legendFormat": "__auto",
          "range": false,
          "refId": "total"
        }
      ],
      "title": "Disk usage",
      "transformations": [
        {
          "id": "groupBy",
          "options": {
            "fields": {
              "/oldroot": {
                "aggregations": [
                  "lastNotNull"
                ],
                "operation": "aggregate"
              },
              "/var/lib": {
                "aggregations": [
                  "lastNotNull"
                ],
                "operation": "aggregate"
              },
              "Value": {
                "aggregations": [
                  "lastNotNull"
                ],
                "operation": "aggregate"
              },
              "Value #free": {
                "aggregations": [
                  "lastNotNull"
                ],
                "operation": "aggregate"
              },
              "Value #total": {
                "aggregations": [
                  "lastNotNull"
                ],
                "operation": "aggregate"
              },
              "mountpoint": {
                "aggregations": [],
                "operation": "groupby"
              }
            }
          }
        },
        {
          "id": "merge",
          "options": {}
        },
        {
          "id": "calculateField",
          "options": {
            "alias": "used",
            "binary": {
              "left": {
                "matcher": {
                  "id": "byName",
                  "options": "Value #total (lastNotNull)"
                }
              },
              "operator": "-",
              "right": {
                "matcher": {
                  "id": "byName",
                  "options": "Value #free (lastNotNull)"
                }
              }
            },
            "mode": "binary",
            "reduce": {
              "reducer": "sum"
            }
          }
        },
        {
          "id": "calculateField",
          "options": {
            "alias": "Used %",
            "binary": {
              "left": {
                "matcher": {
                  "id": "byName",
                  "options": "used"
                }
              },
              "operator": "/",
              "right": {
                "matcher": {
                  "id": "byName",
                  "options": "Value #total (lastNotNull)"
                }
              }
            },
            "mode": "binary",
            "reduce": {
              "reducer": "sum"
            }
          }
        },
        {
          "id": "organize",
          "options": {
            "excludeByName": {},
            "includeByName": {},
            "indexByName": {},
            "renameByName": {
              "Used %": "Used %",
              "Value #free (lastNotNull)": "Free",
              "Value #total (lastNotNull)": "Total",
              "mountpoint": "Mount",
              "used": "Used"
            }
          }
        },
        {
          "id": "sortBy",
          "options": {
            "fields": {},
            "sort": [
              {
                "field": "Mount"
              }
            ]
          }
        }
      ],
      "type": "table"
    },
    {
      "collapsed": false,
      "gridPos": {
        "h": 1,
        "w": 24,
        "x": 0,
        "y": 13
      },
      "id": 272,
      "panels": [],
      "title": "Details",
      "type": "row"
    }
  ],
  "preload": false,
  "refresh": "",
  "schemaVersion": 41,
  "tags": [
    "linux",
    "opentelemetry"
  ],
  "templating": {
    "list": [
      {
        "current": {
          "text": "Prometheus",
          "value": "webstore-metrics"
        },
        "includeAll": false,
        "label": "Data Source",
        "name": "DS_PROMETHEUS",
        "options": [],
        "query": "prometheus",
        "refresh": 1,
        "regex": "(?!grafanacloud-usage|grafanacloud-ml-metrics).+",
        "type": "datasource"
      },
      {
        "allValue": ".*",
        "allowCustomValue": true,
        "current": {
          "text": "All",
          "value": "$__all"
        },
        "datasource": {
          "type": "prometheus",
          "uid": "${DS_PROMETHEUS}"
        },
        "definition": "label_values(otelcol_process_uptime,k8s_cluster_name)",
        "description": "When deploying PostgreSQL on Kubernetes, name of the Kubernetes cluster.  \nFor other deployments, select \"All\". ",
        "includeAll": true,
        "label": "K8s Cluster",
        "multi": true,
        "name": "k8s_cluster_name",
        "options": [],
        "query": {
          "qryType": 1,
          "query": "label_values(otelcol_process_uptime,k8s_cluster_name)",
          "refId": "PrometheusVariableQueryEditor-VariableQuery"
        },
        "refresh": 2,
        "regex": "",
        "sort": 1,
        "type": "query"
      },
      {
        "allValue": ".*",
        "allowCustomValue": false,
        "current": {
          "text": "All",
          "value": "$__all"
        },
        "datasource": {
          "type": "prometheus",
          "uid": "${DS_PROMETHEUS}"
        },
        "definition": "label_values(otelcol_process_uptime{k8s_cluster_name=~\"$k8s_cluster_name\"},k8s_node_name)",
        "description": "When monitoring Kubernetes, name of the K8s node.\nFor other deployments, select \"All\". ",
        "includeAll": true,
        "label": "K8s node",
        "name": "node_name",
        "options": [],
        "query": {
          "qryType": 1,
          "query": "label_values(otelcol_process_uptime{k8s_cluster_name=~\"$k8s_cluster_name\"},k8s_node_name)",
          "refId": "PrometheusVariableQueryEditor-VariableQuery"
        },
        "refresh": 2,
        "regex": "",
        "sort": 1,
        "type": "query"
      },
      {
        "allValue": ".*",
        "current": {
          "text": "docker-desktop",
          "value": "docker-desktop"
        },
        "datasource": {
          "type": "prometheus",
          "uid": "${DS_PROMETHEUS}"
        },
        "definition": "label_values(otelcol_process_uptime_seconds_total,host_name)",
        "includeAll": true,
        "label": "Host",
        "name": "host_name",
        "options": [],
        "query": {
          "qryType": 1,
          "query": "label_values(otelcol_process_uptime_seconds_total,host_name)",
          "refId": "PrometheusVariableQueryEditor-VariableQuery"
        },
        "refresh": 2,
        "regex": "",
        "sort": 5,
        "type": "query"
      },
      {
        "allowCustomValue": false,
        "current": {
          "text": "",
          "value": ""
        },
        "datasource": {
          "type": "prometheus",
          "uid": "${DS_PROMETHEUS}"
        },
        "definition": "query_result(count(otelcol_process_uptime{k8s_cluster_name=~\"$k8s_cluster_name\", k8s_node_name=~\"${node_name}\", host_name=~\"$ip\"}))",
        "hide": 2,
        "label": "host count",
        "name": "host_count",
        "options": [],
        "query": {
          "qryType": 3,
          "query": "query_result(count(otelcol_process_uptime{k8s_cluster_name=~\"$k8s_cluster_name\", k8s_node_name=~\"${node_name}\", host_name=~\"$ip\"}))",
          "refId": "PrometheusVariableQueryEditor-VariableQuery"
        },
        "refresh": 2,
        "regex": "/{} (.*) .*/",
        "type": "query"
      }
    ]
  },
  "time": {
    "from": "now-30m",
    "to": "now"
  },
  "timepicker": {},
  "timezone": "browser",
  "title": "Linux",
  "uid": "otel-demo-hostmetrics",
  "version": 1
}